<application>
  <component name="FileTypeManager" version="17">
    <extensionMap>
      <mapping pattern="*.js.flow" type="Flow" />
      <mapping pattern="*.js.flow" type="Flow" />
      <mapping pattern="iptable" type="PLAIN_TEXT" />
      <mapping pattern="corp" type="PLAIN_TEXT" />
      <mapping pattern="1" type="PLAIN_TEXT" />
      <mapping pattern="WEB-INF" type="PLAIN_TEXT" />
      <mapping pattern="sendTime" type="PLAIN_TEXT" />
      <mapping pattern="Mozartfile" type="PLAIN_TEXT" />
      <mapping pattern="icon-common" type="PLAIN_TEXT" />
      <mapping pattern="a" type="PLAIN_TEXT" />
      <mapping ext="data" type="PLAIN_TEXT" />
      <mapping ext="config" type="PLAIN_TEXT" />
      <mapping ext="filter" type="PLAIN_TEXT" />
      <mapping ext="apib" type="PLAIN_TEXT" />
    </extensionMap>
  </component>
</application>