<keymap version="1" name="evan" parent="Mac OS X">
  <action id="CloseAllEditors">
    <keyboard-shortcut first-keystroke="alt q" />
  </action>
  <action id="CloseAllEditorsButActive">
    <keyboard-shortcut first-keystroke="alt o" />
  </action>
  <action id="CloseContent">
    <keyboard-shortcut first-keystroke="ctrl meta 4" />
    <keyboard-shortcut first-keystroke="alt w" />
  </action>
  <action id="CodeCompletion">
    <keyboard-shortcut first-keystroke="ctrl space" />
    <keyboard-shortcut first-keystroke="meta back_slash" />
  </action>
  <action id="FileStructurePopup">
    <keyboard-shortcut first-keystroke="meta l" />
  </action>
  <action id="FindInPath">
    <keyboard-shortcut first-keystroke="shift meta f" />
  </action>
  <action id="FindNext">
    <keyboard-shortcut first-keystroke="f3" />
    <keyboard-shortcut first-keystroke="ctrl semicolon" />
  </action>
  <action id="NewClass">
    <keyboard-shortcut first-keystroke="alt c" />
  </action>
  <action id="NewDir">
    <keyboard-shortcut first-keystroke="alt p" />
  </action>
  <action id="NewPackageInfo">
    <keyboard-shortcut first-keystroke="alt f" />
  </action>
  <action id="NextTab">
    <keyboard-shortcut first-keystroke="ctrl meta right" />
  </action>
  <action id="PreviousTab">
    <keyboard-shortcut first-keystroke="ctrl meta left" />
  </action>
  <action id="QuickJavaDoc">
    <mouse-shortcut keystroke="control button2" />
    <keyboard-shortcut first-keystroke="ctrl p" />
  </action>
  <action id="RenameElement">
    <keyboard-shortcut first-keystroke="shift meta r" />
  </action>
  <action id="Scala.ShowImplicits">
    <keyboard-shortcut first-keystroke="shift ctrl alt equals" />
    <keyboard-shortcut first-keystroke="shift ctrl alt add" />
  </action>
  <action id="SmartTypeCompletion">
    <keyboard-shortcut first-keystroke="shift ctrl space" />
    <keyboard-shortcut first-keystroke="shift meta back_slash" />
  </action>
  <action id="SwitchApply">
    <keyboard-shortcut first-keystroke="ctrl alt enter" />
  </action>
  <action id="SwitchDown">
    <keyboard-shortcut first-keystroke="ctrl alt down" />
  </action>
  <action id="SwitchLeft">
    <keyboard-shortcut first-keystroke="ctrl alt left" />
  </action>
  <action id="SwitchRight">
    <keyboard-shortcut first-keystroke="ctrl alt right" />
  </action>
  <action id="SwitchUp">
    <keyboard-shortcut first-keystroke="ctrl alt up" />
  </action>
  <action id="UML.ShowStructure">
    <keyboard-shortcut first-keystroke="ctrl meta u" />
  </action>
  <action id="VimPluginToggle">
    <keyboard-shortcut first-keystroke="alt v" />
  </action>
</keymap>